,UK Model Names: ,UK Prices: ,AU Model Names: ,AU Prices: ,Better or Worse Value: ,GBP to AUD converted: 
0,"Mortarion, Daemon Primarch of Nurgle",95.00,"Mortarion, Daemon Primarch of Nurgle",230.00,Cheaper in AUD,166.25
1,Inquisitor Karamazov,40.00,Inquisitor Karamazov,90.00,Worse in AUD,70.0
2,Deathwatch Terminator Captain,18.00,Deathwatch Terminator Captain,30.00,Worse in AUD,31.5
3,Vindicare Assassin,24.00,Inquisitor Coteaz,28.00,Worse in AUD,42.0
4,Inquisitor Coteaz,17.00,Tidewall Shieldline,102.00,Worse in AUD,29.75
5,Nemesis Dreadknight,40.00,Nemesis Dreadknight,90.00,Worse in AUD,70.0
6,Ravager,35.00,Ravager,83.00,Worse in AUD,61.25
7,Taurox Prime,32.50,Eversor Assassin,60.00,Worse in AUD,56.875
8,Eversor Assassin,24.00,Taurox Prime,55.00,Worse in AUD,42.0
9,Death Cult Assassins,13.00,Commander Farsight,54.00,Worse in AUD,22.75
10,Tesseract Vault,100.00,Adeptus Mechanicus Onager Dunecrawler,112.00,Cheaper in AUD,175.0
11,Adeptus Mechanicus Onager Dunecrawler,47.50,Bjorn the Fell-Handed,82.00,Worse in AUD,83.125
12,Tidewall Droneport,37.50,Assault Squad,76.00,Worse in AUD,65.625
13,Blood Angels Terminator Assault Squad,36.00,Assault Squad,76.00,Worse in AUD,63.0
14,Bjorn the Fell-Handed,36.00,Blood Angels Terminator Assault Squad,75.00,Worse in AUD,63.0
15,Assault Squad,32.50,Harlequin Troupe,65.00,Worse in AUD,56.875
16,Assault Squad,32.50,Tech -Priest Dominus,60.00,Worse in AUD,56.875
17,Harlequin Troupe,26.00,Callidus Assassin,53.00,Worse in AUD,45.5
18,Tech -Priest Dominus,24.00,Stompa,165.00,Worse in AUD,42.0
19,Callidus Assassin,20.00,Primaris Intercessors,98.00,Worse in AUD,35.0
20,Stompa,80.00,XV104 Riptide Battlesuit,90.00,Cheaper in AUD,140.0
21,XV104 Riptide Battlesuit,67.50,Baal Predator,83.00,Cheaper in AUD,118.125
22,Baal Predator,40.00,Adeptus Mechanicus Sydonian Dragoon,83.00,Worse in AUD,70.0
23,Logan Grimnar on Stormrider,37.50,Logan Grimnar on Stormrider,82.00,Worse in AUD,65.625
24,Primaris Intercessors,36.00,Triarch Stalker,79.00,Worse in AUD,63.0
25,Deathwing Knights,36.00,Corpuscarii Electro-Priests,70.00,Worse in AUD,63.0
26,Ogryns,35.00,Raider,66.00,Worse in AUD,61.25
27,Adeptus Mechanicus Sydonian Dragoon,35.00,Ogryns,65.00,Worse in AUD,61.25
28,Triarch Stalker,35.00,Culexus Assassin,60.00,Worse in AUD,61.25
29,Raider,32.50,Primaris Hellblasters,98.00,Worse in AUD,56.875
30,Corpuscarii Electro-Priests,30.00,Thunderwolf Cavalry,96.00,Worse in AUD,52.5
31,Culexus Assassin,24.00,Adeptus Mechanicus Ironstrider Ballistarius,83.00,Worse in AUD,42.0
32,Lord Kaldor Draigo,17.00,Meganobz,81.00,Worse in AUD,29.75
33,Inquisitor with Inferno Pistol & Power Sword,13.00,Grey Knights Paladins,80.00,Worse in AUD,22.75
34,Ravenwing Dark Talon,47.50,XV88 Broadside Battlesuit,74.00,Worse in AUD,83.125
35,Kill Team Cassius,42.50,Skyweavers,71.00,Worse in AUD,74.375
36,Meganobz,40.00,Fulgurite Electro-Priests,70.00,Worse in AUD,70.0
37,Primaris Hellblasters,36.00,Windriders,70.00,Worse in AUD,63.0
38,Thunderwolf Cavalry,36.00,Inquisitor with Combi-weapon,25.00,Worse in AUD,63.0
39,Adeptus Mechanicus Ironstrider Ballistarius,35.00,Corvus Blackstar,122.00,Worse in AUD,61.25
40,Grey Knights Paladins,32.50,Haruspex ,100.00,Worse in AUD,56.875
41,Windriders,32.50,Leman Russ Demolisher,89.00,Worse in AUD,56.875
42,Fulgurite Electro-Priests,30.00,Hammerhead Gunship,85.00,Worse in AUD,52.5
43,Skyweavers,30.00,Sammael,83.00,Worse in AUD,52.5
44,Inquisitor with Combi-weapon,12.00,Grey Hunters,72.00,Worse in AUD,21.0
45,Corvus Blackstar,52.50,Veterans,66.00,Cheaper in AUD,91.875
46,Voidraven Bomber,52.50,Grand Master Voldus,60.00,Cheaper in AUD,91.875
47,Haruspex ,47.50,Death Jester,31.00,Worse in AUD,83.125
48,Hammerhead Gunship,40.00,Crusaders,18.00,Worse in AUD,70.0
49,Leman Russ Demolisher,36.00,KV128 Stormsurge,250.00,Worse in AUD,63.0
50,Grey Hunters,32.50,Gorkanaut,115.00,Worse in AUD,56.875
51,Sammael,32.50,Plagueburst Crawler,110.00,Worse in AUD,56.875
52,Veterans,26.00,Kataphron Breachers,98.00,Worse in AUD,45.5
53,Grand Master Voldus,22.50,Grey Knights Terminator Squad,80.00,Worse in AUD,39.375
54,Death Jester,18.00,Skitarii Rangers,72.00,Worse in AUD,31.5
55,Crusaders,13.00,Razorwing Jetfighter,69.00,Worse in AUD,22.75
56,KV128 Stormsurge,105.00,Necron Catacomb Command Barge,66.00,Cheaper in AUD,183.75
57,Gorkanaut,80.00,Shadowseer,31.00,Cheaper in AUD,140.0
58,Plagueburst Crawler,42.50,Grey Knights Interceptor Squad,100.00,Worse in AUD,74.375
59,Kataphron Breachers,36.00,Grey Knights Strike Squad,100.00,Worse in AUD,63.0
60,Razorwing Jetfighter,32.50,Purgation Squad,100.00,Worse in AUD,56.875
61,Grey Knights Terminator Squad,32.50,Grey Knights Purifier Squad,100.00,Worse in AUD,56.875
62,Necron Catacomb Command Barge,32.50,Kataphron Destroyers,98.00,Worse in AUD,56.875
63,Skitarii Rangers,30.00,Ravenwing Darkshroud,85.00,Worse in AUD,52.5
64,Shadowseer,18.00,Furioso Dreadnought,79.00,Worse in AUD,31.5
65,Tyranid Malanthrope,64.00,Skitarii Vanguard,72.00,Cheaper in AUD,112.0
66,Ravenwing Darkshroud,42.50,Watch Master,34.00,Worse in AUD,74.375
67,Grey Knights Strike Squad,40.00,Preacher with Chainsword,19.00,Worse in AUD,70.0
68,Grey Knights Interceptor Squad,40.00,Stormraven Gunship,130.00,Worse in AUD,70.0
69,Grey Knights Purifier Squad,40.00,Hydra,85.00,Worse in AUD,70.0
70,Purgation Squad,40.00,Fire Warriors Strike Team,85.00,Worse in AUD,70.0
71,Kataphron Destroyers,36.00,Sicarian Infiltrators,83.00,Worse in AUD,63.0
72,Furioso Dreadnought,36.00,Talos,74.00,Worse in AUD,63.0
73,Basilisk,35.00,"Azrael, Supreme Grand Master",33.00,Worse in AUD,61.25
74,Skitarii Vanguard,30.00,Sanguinary Priest,33.00,Worse in AUD,52.5
75,Watch Master,21.00,XV95 Ghostkeel Battlesuit,125.00,Worse in AUD,36.75
76,Solitaire,17.00,Deathshroud Bodyguard,98.00,Worse in AUD,29.75
77,Preacher with Chainsword,12.00,Sicarian Ruststalkers,83.00,Worse in AUD,21.0
78,Stormraven Gunship,67.50,Wolf Guard Terminators,80.00,Cheaper in AUD,118.125
79,Hydra,36.00,Wracks,55.00,Worse in AUD,63.0
80,Tyrannofex,36.00,Valkyrie,122.00,Worse in AUD,63.0
81,Talos,35.00,Wulfen,100.00,Worse in AUD,61.25
82,Sicarian Infiltrators,32.50,Rubric Marines,90.00,Worse in AUD,56.875
83,Fire Warriors Strike Team,32.50,Flash Gitz,71.00,Worse in AUD,56.875
84,Sanguinary Priest,21.00,Lychguard,66.00,Worse in AUD,36.75
85,"Azrael, Supreme Grand Master",18.00,Drop Pod,60.00,Worse in AUD,31.5
86,XV95 Ghostkeel Battlesuit,52.50,Reavers,58.00,Cheaper in AUD,91.875
87,Land Raider,52.50,"Ezekiel, Grand Master of Librarians",28.00,Cheaper in AUD,91.875
88,Deathshroud Bodyguard,36.00,Morkanaut,115.00,Worse in AUD,63.0
89,Wolf Guard Terminators,35.00,Kairos Fateweaver,190.00,Worse in AUD,61.25
90,Sicarian Ruststalkers,32.50,Monolith,280.00,Worse in AUD,56.875
91,Hellhound,32.50,"Szarekh, The Silent King\t\t\t\t\t\t",250.00,Worse in AUD,56.875
92,Wracks,22.50,Rotigus,230.00,Worse in AUD,39.375
93,Blood Angels Librarian in Terminator Armour,20.00,Keeper of Secrets,230.00,Worse in AUD,35.0
94,Belial,17.00,Great Unclean One,230.00,Worse in AUD,29.75
95,Chaos Land Raider,52.50,Space Marines: Honoured of the Chapter                                       ,230.00,Cheaper in AUD,91.875
96,Valkyrie,52.50,Magnus the Red,220.00,Cheaper in AUD,91.875
97,Wulfen,36.00,Hunta Rig,210.00,Worse in AUD,63.0
98,Flash Gitz,35.00,Kill Rig,210.00,Worse in AUD,61.25
99,Rubric Marines,35.00,Skarbrand,200.00,Worse in AUD,61.25
100,Lychguard,32.50,Battle Sanctum,190.00,Worse in AUD,56.875
101,Drop Pod,30.00,Lord of Change,190.00,Worse in AUD,52.5
102,Striking Scorpions,27.50,Knight Preceptor,185.00,Worse in AUD,48.125
103,Reavers,26.00,Imperial Knight Crusader,185.00,Worse in AUD,45.5
104,"Ezekiel, Grand Master of Librarians",18.00,Knight Despoiler,185.00,Worse in AUD,31.5
105,Morkanaut,80.00,Knight Paladin,185.00,Cheaper in AUD,140.0
106,Kairos Fateweaver,90.00,Knight Errant,185.00,Cheaper in AUD,157.5
107,Tyranid Hierophant Bio-Titan,312.50,C'tan Shard of the Void Dragon,180.00,Cheaper in AUD,546.875
108,Tyranid Harridan,312.50,The Triumph of Saint Katherine,180.00,Cheaper in AUD,546.875
109,Tyranid Barbed Hierodule,127.50,Necrons Royal Court\t\t\t\t\t\t,180.00,Cheaper in AUD,223.125
110,Tyranid Scythed Hierodule,127.50,Daemons Of Khorne Bloodthirster,170.00,Cheaper in AUD,223.125
111,Tyranid Dimachaeron,110.00,Archaeopter Stratoraptor,165.00,Cheaper in AUD,192.5
112,Monolith,105.00,Archaeopter Transvector,165.00,Cheaper in AUD,183.75
113,Knight Paladin,100.00,Primaris Repulsor Executioner,165.00,Cheaper in AUD,175.0
114,Knight Preceptor,100.00,Archaeopter Fusilave,165.00,Cheaper in AUD,175.0
115,Knight Despoiler,100.00,Battlewagon,165.00,Cheaper in AUD,175.0
116,Obelisk & Transcendent C'tan,100.00,Gunwagon,165.00,Cheaper in AUD,175.0
117,Imperial Knight Crusader,100.00,Bonebreaka,165.00,Cheaper in AUD,175.0
118,Knight Errant,100.00,Gladiator Reaper,140.00,Cheaper in AUD,175.0
119,Magnus the Red,95.00,Primaris Repulsor,140.00,Cheaper in AUD,166.25
120,"Szarekh, The Silent King\t\t\t\t\t\t",95.00,Exorcist,140.00,Cheaper in AUD,166.25
121,Skarbrand,90.00,Castigator\t\t\t\t\t\t,140.00,Cheaper in AUD,157.5
122,Shadowsword,90.00,Gladiator Valiant,140.00,Cheaper in AUD,157.5
123,Keeper of Secrets,90.00,Gladiator Lancer,140.00,Cheaper in AUD,157.5
124,Banesword,90.00,Land Raider Redeemer,132.00,Cheaper in AUD,157.5
125,Banehammer,90.00,Land Raider Crusader,132.00,Cheaper in AUD,157.5
126,Great Unclean One,90.00,Primaris Impulsor,125.00,Cheaper in AUD,157.5
127,Hellhammer,90.00,Skorpius Dunerider,125.00,Cheaper in AUD,157.5
128,Wraithknight,90.00,Skorpius Disintegrator,125.00,Cheaper in AUD,157.5
129,Lord of Change,90.00,Immolator,125.00,Cheaper in AUD,157.5
130,Space Marines: Honoured of the Chapter                                       ,90.00,Kastelan Robots,118.00,Cheaper in AUD,157.5
131,Stormsword,90.00,Dakkajet,110.00,Cheaper in AUD,157.5
132,Stormlord,90.00,Storm Speeder Hailstrike,110.00,Cheaper in AUD,157.5
133,Rotigus,90.00,Ghazghkull Thraka\t\t\t\t\t\t,110.00,Cheaper in AUD,157.5
134,Daemons Of Khorne Bloodthirster,90.00,Storm Speeder Hammerstrike,110.00,Cheaper in AUD,157.5
135,Baneblade,90.00,"Vex Machinator, Arch-Lord Discordant",110.00,Cheaper in AUD,157.5
136,Doomhammer,90.00,Wazbom Blastajet,110.00,Cheaper in AUD,157.5
137,Hunta Rig,80.00,Paragon Warsuits,110.00,Cheaper in AUD,140.0
138,Kill Rig,80.00,Gaunt's Ghosts\t\t\t\t\t\t,110.00,Cheaper in AUD,140.0
139,Battle Sanctum,75.00,Burna-Bommer,110.00,Cheaper in AUD,131.25
140,C'tan Shard of the Void Dragon,70.00,Storm Speeder Thunderstrike,110.00,Cheaper in AUD,122.5
141,Necrons Royal Court\t\t\t\t\t\t,70.00,Primaris Redemptor Dreadnought,110.00,Cheaper in AUD,122.5
142,Archaeopter Fusilave,65.00,Big'ed Bossbunka,110.00,Cheaper in AUD,113.75
143,Land Raider Crusader,65.00,Blitza-Bommer,110.00,Cheaper in AUD,113.75
144,Gunwagon,65.00,Roboute Guilliman,105.00,Cheaper in AUD,113.75
145,Land Raider Redeemer,65.00,Primaris Invictor Tactical Warsuit,105.00,Cheaper in AUD,113.75
146,Battlewagon,65.00,Heavy Intercessors\t\t\t\t\t\t,105.00,Cheaper in AUD,113.75
147,Archaeopter Stratoraptor,65.00,Broodcoven,105.00,Cheaper in AUD,113.75
148,Bonebreaka,65.00,Exocrine,100.00,Cheaper in AUD,113.75
149,Primaris Repulsor Executioner,65.00,Goliath Truck,100.00,Cheaper in AUD,113.75
150,Daemons Of Khorne Bloodcrushers,65.00,Goliath Rockgrinder,100.00,Cheaper in AUD,113.75
151,Archaeopter Transvector,65.00,Assault Intercessors,98.00,Cheaper in AUD,113.75
152,Stormfang Gunship,52.50,Penitent Engines,98.00,Cheaper in AUD,91.875
153,Exorcist,52.50,Custodian Wardens  ,98.00,Cheaper in AUD,91.875
154,Crimson Hunter,52.50,Serberys Raiders,98.00,Cheaper in AUD,91.875
155,Gladiator Lancer,52.50,Hammerfall Bunker,98.00,Cheaper in AUD,91.875
156,Gladiator Reaper,52.50,Vexilus Praetor,98.00,Cheaper in AUD,91.875
157,Venerable Land Raider,52.50,Pteraxii Sterylizors,98.00,Cheaper in AUD,91.875
158,Primaris Repulsor,52.50,Custodian Wardens Vexilus Praetor,98.00,Cheaper in AUD,91.875
159,Mutalith Vortex Beast,52.50,Nob on Smasha Squig,98.00,Cheaper in AUD,91.875
160,Hemlock Wraithfighter,52.50,Mortifiers,98.00,Cheaper in AUD,91.875
161,Castigator\t\t\t\t\t\t,52.50,Custodian Wardens Shield-Captain,98.00,Cheaper in AUD,91.875
162,Stormwolf,52.50,Dark Reapers,98.00,Cheaper in AUD,91.875
163,Gladiator Valiant,52.50,Convergence of Dominion,98.00,Cheaper in AUD,91.875
164,Centurion Assault Squad,50.00,Shield-Captain on Dawneagle Jetbike,98.00,Worse in AUD,87.5
165,Centurion Devastator Squad,50.00,Squighog Boyz,98.00,Worse in AUD,87.5
166,Kastelan Robots,47.50,Kill Team: Kommandos,98.00,Worse in AUD,83.125
167,Primaris Impulsor,47.50,Chaos Space Marines,98.00,Worse in AUD,83.125
168,Maulerfiend,47.50,Shield-Captain,98.00,Worse in AUD,83.125
169,Nephilim Jetfighter,47.50,Battle Sisters Squad,98.00,Worse in AUD,83.125
170,Blitza-Bommer,47.50,Primaris Crusader Squad,98.00,Worse in AUD,83.125
171,Skorpius Dunerider,47.50,Primaris Reivers,98.00,Worse in AUD,83.125
172,Burna-Bommer,47.50,Blightlord Terminators,98.00,Worse in AUD,83.125
173,Defiler,47.50,Kill Team: Novitiates                                                ,98.00,Worse in AUD,83.125
174,Immolator,47.50,Scarab Occult Terminators,98.00,Worse in AUD,83.125
175,Heldrake,47.50,Serberys Sulphurhounds,98.00,Worse in AUD,83.125
176,Wazbom Blastajet,47.50,Adepta Sororitas Rhino,98.00,Worse in AUD,83.125
177,Dakkajet,47.50,Outriders,98.00,Worse in AUD,83.125
178,Exocrine,47.50,Miasmic Malignifier,98.00,Worse in AUD,83.125
179,Skorpius Disintegrator,47.50,Vertus Praetors,98.00,Worse in AUD,83.125
180,Forgefiend,47.50,Pteraxii Skystalkers,98.00,Worse in AUD,83.125
181,Tyrant Guard,45.00,Dominions & Celestians,98.00,Worse in AUD,78.75
182,Big'ed Bossbunka,45.00,Deffkoptas,98.00,Worse in AUD,78.75
183,Hive Guard,45.00,Custodian Guard Squad,98.00,Worse in AUD,78.75
184,Gaunt's Ghosts\t\t\t\t\t\t,42.50,Centurion Devastator Squad,95.00,Worse in AUD,74.375
185,Paragon Warsuits,42.50,Centurion Assault Squad,95.00,Worse in AUD,74.375
186,Storm Speeder Hailstrike,42.50,Thunderfire Cannon,94.00,Worse in AUD,74.375
187,Stalker,42.50,Celestian Sacresants,90.00,Worse in AUD,74.375
188,Zoanthropes,42.50,Tyranids Hive Tyrant,90.00,Worse in AUD,74.375
189,Land Speeder Vengeance,42.50,Venomthropes,90.00,Worse in AUD,74.375
190,Storm Speeder Hammerstrike,42.50,Hive Guard,90.00,Worse in AUD,74.375
191,Primaris Redemptor Dreadnought,42.50,Marneus Calgar with Victrix Honour Guard,90.00,Worse in AUD,74.375
192,Venomthropes,42.50,Zoanthropes,90.00,Worse in AUD,74.375
193,Hunter,42.50,Tyrant Guard,90.00,Worse in AUD,74.375
194,Storm Speeder Thunderstrike,42.50,The Swarmlord,90.00,Worse in AUD,74.375
195,Ghazghkull Thraka\t\t\t\t\t\t,42.50,Stormtalon Gunship,90.00,Worse in AUD,74.375
196,"Vex Machinator, Arch-Lord Discordant",42.50,Warlocks,90.00,Worse in AUD,74.375
197,Abaddon the Despoiler,40.00,Seraphim Squad,90.00,Worse in AUD,70.0
198,Big Mek in Mega Armour,40.00,Skorpekh Destroyers,90.00,Worse in AUD,70.0
199,Chosen of Mortarion\t\t\t\t\t\t,40.00,"Celestine, the Living Saint",90.00,Worse in AUD,70.0
200,TX78 Sky Ray Gunship,40.00,Zephyrim Squad,90.00,Worse in AUD,70.0
201,Night Scythe,40.00,Lokhust Destroyer Squadron,90.00,Worse in AUD,70.0
202,Roboute Guilliman,40.00,Ophydian Destroyers,90.00,Worse in AUD,70.0
203,Chaos Predator,40.00,Stormhawk Interceptor,90.00,Worse in AUD,70.0
204,Predator Annihilator,40.00,Incubi,90.00,Worse in AUD,70.0
205,Heavy Intercessors\t\t\t\t\t\t,40.00,Belisarius Cawl,90.00,Worse in AUD,70.0
206,Predator Destructor,40.00,"Morvenn Vahl, Abbess Sanctorum of the Adepta Sororitas",90.00,Worse in AUD,70.0
207,Thunderfire Cannon,40.00,Retributor Squad,90.00,Worse in AUD,70.0
208,Vindicator,40.00,Black Templars Sword Brethren,90.00,Worse in AUD,70.0
209,Chaos Vindicator,40.00,Leman Russ Battle Tank,89.00,Worse in AUD,70.0
210,Primaris Invictor Tactical Warsuit,40.00,Stormwolf,88.00,Worse in AUD,70.0
211,Broodcoven,40.00,Stormfang Gunship,88.00,Worse in AUD,70.0
212,Noctilith Crown,37.50,Night Scythe,87.00,Worse in AUD,65.625
213,Kill Team: Kommandos,37.50,Craftworlds Wave Serpent,86.00,Worse in AUD,65.625
214,Convergence of Dominion,37.50,Ironclad Dreadnought,86.00,Worse in AUD,65.625
215,Outriders,37.50,Space Marine Heroes,85.00,Worse in AUD,65.625
216,Nob on Smasha Squig,37.50,Stalker,85.00,Worse in AUD,65.625
217,Assault Intercessors,37.50,Space Wolves Blood Claws,85.00,Worse in AUD,65.625
218,Miasmic Malignifier,37.50,Terminator Assault Squad,85.00,Worse in AUD,65.625
219,Deffkoptas,37.50,Land Speeder Vengeance,85.00,Worse in AUD,65.625
220,Primaris Crusader Squad,37.50,T'au Empire Commander,85.00,Worse in AUD,65.625
221,Squighog Boyz,37.50,TX78 Sky Ray Gunship,85.00,Worse in AUD,65.625
222,Sternguard Veteran Squad,36.00,Wyvern,85.00,Worse in AUD,63.0
223,Space Wolves Venerable Dreadnought,36.00,Hunter,85.00,Worse in AUD,63.0
224,Hammerfall Bunker,36.00,Fire Warriors Breacher Team,85.00,Worse in AUD,63.0
225,Mortifiers,36.00,The Yncarne,84.00,Worse in AUD,63.0
226,Pteraxii Skystalkers,36.00,Primaris Aggressors,84.00,Worse in AUD,63.0
227,Primaris Infiltrators,36.00,Hemlock Wraithfighter,84.00,Worse in AUD,63.0
228,Battle Sisters Squad,36.00,Illuminor Szeras,84.00,Worse in AUD,63.0
229,Serberys Sulphurhounds,36.00,Primaris Inceptors,84.00,Worse in AUD,63.0
230,Penitent Engines,36.00,Devastator Squad,84.00,Worse in AUD,63.0
231,Venerable Dreadnought,36.00,Devastator Squad,84.00,Worse in AUD,63.0
232,Craftworlds Wave Serpent,36.00,Flesh Hounds,84.00,Worse in AUD,63.0
233,Custodian Guard Squad,36.00,Syll'Esske: The Vengeful Allegiance,84.00,Worse in AUD,63.0
234,Scarab Occult Terminators,36.00,Sector Mechanicus Sacristan Forgeshrine,84.00,Worse in AUD,63.0
235,Librarian Dreadnought,36.00,Crimson Hunter,84.00,Worse in AUD,63.0
236,Custodian Wardens  ,36.00,Mozrog Skragbad,84.00,Worse in AUD,63.0
237,Stormtalon Gunship,36.00,Vexilus Praetor in Allarus Terminator Armour,84.00,Worse in AUD,63.0
238,Primaris Incursors,36.00,Shield-Captain in Allarus Terminator Armour,84.00,Worse in AUD,63.0
239,Plague Drones of Nurgle,36.00,Arco-flagellants,84.00,Worse in AUD,63.0
240,Deathwing Command Squad,36.00,Bladeguard Veterans\t\t\t\t\t\t,84.00,Worse in AUD,63.0
241,Primaris Reivers,36.00,Ork Beast Snagga Boyz,84.00,Worse in AUD,63.0
242,Exalted Sorcerers,36.00,Eliminators,84.00,Worse in AUD,63.0
243,Custodian Wardens Shield-Captain,36.00,Devastator Squad,84.00,Worse in AUD,63.0
244,Shield-Captain,36.00,Mekboy Workshop,84.00,Worse in AUD,63.0
245,Whirlwind,36.00,Daemonifuge â€“ Ephrael Stern & Kyganil,84.00,Worse in AUD,63.0
246,Tyranids Hive Tyrant,36.00,The Contorted Epitome,84.00,Worse in AUD,63.0
247,Chaos Space Marines Terminators,36.00,Fiends,84.00,Worse in AUD,63.0
248,Goliath Truck,36.00,Talons of the Emperor: Valerian and Aleya,84.00,Worse in AUD,63.0
249,Blightlord Terminators,36.00,Beastboss on Squigosaur,84.00,Worse in AUD,63.0
250,Dominions & Celestians,36.00,Foetid Bloat-drone,84.00,Worse in AUD,63.0
251,Pteraxii Sterylizors,36.00,Allarus Custodians,84.00,Worse in AUD,63.0
252,Stormhawk Interceptor,36.00,Predator Annihilator,83.00,Worse in AUD,63.0
253,Ironclad Dreadnought,36.00,Chaos Predator,83.00,Worse in AUD,63.0
254,Leman Russ Battle Tank,36.00,Chaos Vindicator,83.00,Worse in AUD,63.0
255,Death Company Dreadnought,36.00,Ghost Ark,83.00,Worse in AUD,63.0
256,Murderfang,36.00,Predator Destructor,83.00,Worse in AUD,63.0
257,Shield-Captain on Dawneagle Jetbike,36.00,Deff Dread,83.00,Worse in AUD,63.0
258,Vexilus Praetor,36.00,Doomsday Ark,83.00,Worse in AUD,63.0
259,Wyvern,36.00,Space Wolves Venerable Dreadnought,82.00,Worse in AUD,63.0
260,Goliath Rockgrinder,36.00,Murderfang,82.00,Worse in AUD,63.0
261,Serberys Raiders,36.00,Heldrake,81.00,Worse in AUD,63.0
262,The Swarmlord,36.00,Big Mek in Mega Armour,81.00,Worse in AUD,63.0
263,Chaos Space Marines,36.00,Sternguard Veteran Squad,81.00,Worse in AUD,63.0
264,Vertus Praetors,36.00,Librarian Dreadnought,79.00,Worse in AUD,63.0
265,Custodian Wardens Vexilus Praetor,36.00,Venerable Dreadnought,79.00,Worse in AUD,63.0
266,Tervigon,36.00,Tomb Blades,79.00,Worse in AUD,63.0
267,Deathwing Terminator Squad,36.00,Death Company Dreadnought,79.00,Worse in AUD,63.0
268,Nork Deddog,35.00,Vanguard Veteran Squad,78.00,Worse in AUD,61.25
269,Craftworlds Wraithlord,35.00,Megatrakk Scrapjet,77.00,Worse in AUD,61.25
270,Devastator Squad,35.00,Boyz,77.00,Worse in AUD,61.25
271,Canoptek Wraiths,35.00,Achilles Ridgerunner,77.00,Worse in AUD,61.25
272,Devastator Squad,35.00,Blood Angels Death Company Intercessors,77.00,Worse in AUD,61.25
273,Ghost Ark,35.00,"Fateskimmer, Herald of Tzeentch on Burning Chariot",77.00,Worse in AUD,61.25
274,Kill Team: Veteran Guardsmen,35.00,Cadian Shock Troops,77.00,Worse in AUD,61.25
275,Zephyrim Squad,35.00,Rukkatrukk Squigbuggy,77.00,Worse in AUD,61.25
276,Marneus Calgar with Victrix Honour Guard,35.00,Burning Chariot of Tzeentch,77.00,Worse in AUD,61.25
277,Black Templars Sword Brethren,35.00,Chaplain Grimaldus & Retinue,77.00,Worse in AUD,61.25
278,Company Command,35.00,Primaris Chaplain on Bike\t\t\t\t\t\t,77.00,Worse in AUD,61.25
279,Terminator Squad,35.00,Exalted Flamer of Tzeentch,77.00,Worse in AUD,61.25
280,Doomsday Ark,35.00,Deffkilla Wartrike,77.00,Worse in AUD,61.25
281,Atalan Jackals,35.00,Commander Shadowsun,77.00,Worse in AUD,61.25
282,Celestian Sacresants,35.00,Junith Eruita,77.00,Worse in AUD,61.25
283,Terminator Assault Squad,35.00,Necron Warriors,77.00,Worse in AUD,61.25
284,T'au Empire Commander,35.00,Kustom Boosta-blasta,77.00,Worse in AUD,61.25
285,Manticore,35.00,Beast of Nurgle,77.00,Worse in AUD,61.25
286,Devastator Squad,35.00,Boomdakka Snazzwagon,77.00,Worse in AUD,61.25
287,Falcon,35.00,Castellan Crowe,77.00,Worse in AUD,61.25
288,Adepta Sororitas Rhino,35.00,Neophyte Hybrids,77.00,Worse in AUD,61.25
289,Seraphim Squad,35.00,High Marshal Helbrecht,77.00,Worse in AUD,61.25
290,Wraithguard,35.00,Ultramarines Honour Guard,77.00,Worse in AUD,61.25
291,Chaos Space Marines Havocs,35.00,Hounds of Morkai,77.00,Worse in AUD,61.25
292,Helbrute,35.00,Maugan Ra,77.00,Worse in AUD,61.25
293,Ophydian Destroyers,35.00,Vigilator Squad,76.00,Worse in AUD,61.25
294,Deathstrike,35.00,Witchseeker Squad,76.00,Worse in AUD,61.25
295,Cronos,35.00,Assault Squad,76.00,Worse in AUD,61.25
296,Kill Team: Novitiates                                                ,35.00,Prosecutor Squad,76.00,Worse in AUD,61.25
297,Deff Dread,35.00,Ravenwing Black Knights,75.00,Worse in AUD,61.25
298,"Morvenn Vahl, Abbess Sanctorum of the Adepta Sororitas",35.00,Craftworlds Wraithlord,74.00,Worse in AUD,61.25
299,Howling Banshees,35.00,Dreadnought,74.00,Worse in AUD,61.25
300,Killa Kans,35.00,Khorne Berzerkers,74.00,Worse in AUD,61.25
301,Ravenwing Black Knights,35.00,Cronos,74.00,Worse in AUD,61.25
302,Sector Mechanicus Sacristan Forgeshrine,35.00,Killa Kans,74.00,Worse in AUD,61.25
303,Belisarius Cawl,35.00,Vespid Stingwings,72.00,Worse in AUD,61.25
304,"Celestine, the Living Saint",35.00,Techmarine with Servitors,72.00,Worse in AUD,61.25
305,Webway Gate,35.00,Ork Tankbustas,72.00,Worse in AUD,61.25
306,Bullgryns,35.00,Chief Librarian Tigurius,70.00,Worse in AUD,61.25
307,Skorpekh Destroyers,35.00,Jain Zar,70.00,Worse in AUD,61.25
308,Mekboy Workshop,35.00,Adrax Agatone,70.00,Worse in AUD,61.25
309,Retributor Squad,35.00,Ahriman,70.00,Worse in AUD,61.25
310,Incubi,35.00,Aberrants,70.00,Worse in AUD,61.25
311,Dark Reapers,35.00,Broodlord,70.00,Worse in AUD,61.25
312,Prosecutor Squad,32.50,Plague Marine Reinforcements,70.00,Worse in AUD,56.875
313,Plague Marines,32.50,Master Lazarus,70.00,Worse in AUD,56.875
314,Illuminor Szeras,32.50,Kayvaan Shrike,70.00,Worse in AUD,56.875
315,Vigilator Squad,32.50,Iron Father Feirros,70.00,Worse in AUD,56.875
316,Canis Wolfborn,32.50,Company Command,70.00,Worse in AUD,56.875
317,Allarus Custodians,32.50,Kor'sarro Khan,70.00,Worse in AUD,56.875
318,Mek Gunz: Kustom Mega-kannon,32.50,Tactical Squad,70.00,Worse in AUD,56.875
319,Boomdakka Snazzwagon,32.50,"Fluxmaster, Herald of Tzeentch",70.00,Worse in AUD,56.875
320,Mek Gunz: Bubblechukka,32.50,Primaris Invader ATV\t\t\t\t\t\t,70.00,Worse in AUD,56.875
321,Sanguinary Guard,32.50,Ragnar Blackmane,70.00,Worse in AUD,56.875
322,Taurox,32.50,Tor Garadon,70.00,Worse in AUD,56.875
323,Tactical Squad,32.50,Zodgrod Wortsnagga,70.00,Worse in AUD,56.875
324,Foetid Bloat-drone,32.50,The Blue Scribes,70.00,Worse in AUD,56.875
325,Daemonifuge â€“ Ephrael Stern & Kyganil,32.50,Brood Brothers,70.00,Worse in AUD,56.875
326,TY7 Devilfish,32.50,Canoptek Doomstalker\t\t\t\t\t\t,70.00,Worse in AUD,56.875
327,Ork Beast Snagga Boyz,32.50,Infernal Enrapturess,70.00,Worse in AUD,56.875
328,Megatrakk Scrapjet,32.50,Lelith Hesperax,70.00,Worse in AUD,56.875
329,Deffkilla Wartrike,32.50,"Typhus, Herald of the Plague God",70.00,Worse in AUD,56.875
330,Mek Gunz: Traktor Kannon,32.50,Mephiston,70.00,Worse in AUD,56.875
331,Bladeguard Veterans\t\t\t\t\t\t,32.50,Drazhar,70.00,Worse in AUD,56.875
332,Mark III Space Marines,32.50,Wolf Lord on Thunderwolf,69.00,Worse in AUD,56.875
333,Space Wolves Blood Claws,32.50,Ork Warbiker Mob,68.00,Worse in AUD,56.875
334,Flesh Hounds,32.50,Mek Gunz: Smasha Gun,67.00,Worse in AUD,56.875
335,Dreadnought,32.50,Mek Gunz: Bubblechukka,67.00,Worse in AUD,56.875
336,Fire Warriors Breacher Team,32.50,Mek Gunz: Traktor Kannon,67.00,Worse in AUD,56.875
337,Annihilation Barge,32.50,Mek Gunz: Kustom Mega-kannon,67.00,Worse in AUD,56.875
338,Chimera,32.50,Infernal Master,66.00,Worse in AUD,56.875
339,Beastboss on Squigosaur,32.50,Kill Team: Pathfinders,66.00,Worse in AUD,56.875
340,Eliminators,32.50,Sanguinary Guard,66.00,Worse in AUD,56.875
341,Mek Gunz: Smasha Gun,32.50,Chimera,66.00,Worse in AUD,56.875
342,Primaris Aggressors,32.50,Triarch Praetorians,66.00,Worse in AUD,56.875
343,Syll'Esske: The Vengeful Allegiance,32.50,Jackal Alphus,66.00,Worse in AUD,56.875
344,Tomb Blades,32.50,TY7 Devilfish,66.00,Worse in AUD,56.875
345,Rukkatrukk Squigbuggy,32.50,Yvraine,66.00,Worse in AUD,56.875
346,Storm Guardians,32.50,Captain-General Trajann Valoris,66.00,Worse in AUD,56.875
347,Khorne Berzerkers,32.50,Annihilation Barge,66.00,Worse in AUD,56.875
348,Shield-Captain in Allarus Terminator Armour,32.50,Nork Deddog,65.00,Worse in AUD,56.875
349,Assault Squad,32.50,Tyranid Warriors,65.00,Worse in AUD,56.875
350,Primaris Inceptors,32.50,Bullgryns,65.00,Worse in AUD,56.875
351,Shokkjump Dragsta,32.50,C'tan Shard of The Deceiver,62.00,Worse in AUD,56.875
352,Primaris Eradicators\t\t\t\t\t\t,32.50,C'tan Shard of The Nightbringer,62.00,Worse in AUD,56.875
353,Talons of the Emperor: Valerian and Aleya,32.50,Death Company,61.00,Worse in AUD,56.875
354,Kustom Boosta-blasta,32.50,Deathmarks,61.00,Worse in AUD,56.875
355,Witchseeker Squad,32.50,Horrors of Tzeentch,61.00,Worse in AUD,56.875
356,Triarch Praetorians,32.50,Feculent Gnarlmaw,61.00,Worse in AUD,56.875
357,Fiends,32.50,Immortals,61.00,Worse in AUD,56.875
358,Flayed Ones\t\t\t\t\t\t,32.50,Horrors of Tzeentch,61.00,Worse in AUD,56.875
359,Achilles Ridgerunner,32.50,Canoptek Spyder,61.00,Worse in AUD,56.875
360,Lokhust Destroyer Squadron,32.50,Canoness,60.00,Worse in AUD,56.875
361,The Contorted Epitome,32.50,Trukk,60.00,Worse in AUD,56.875
362,Mozrog Skragbad,32.50,Captain Uriel Ventris\t\t\t\t\t\t,60.00,Worse in AUD,56.875
363,Warlocks,32.50,Chronomancer\t\t\t\t\t\t,60.00,Worse in AUD,56.875
364,Vanguard Veteran Squad,32.50,Daemon Prince,60.00,Worse in AUD,56.875
365,Kill Team: Pathfinders,32.50,Emperor's Champion,60.00,Worse in AUD,56.875
366,Vexilus Praetor in Allarus Terminator Armour,32.50,Primaris Chaplain,60.00,Worse in AUD,56.875
367,Arco-flagellants,32.50,Captain in Phobos Armour,60.00,Worse in AUD,56.875
368,Guardian Defenders,32.50,Fenrisian Wolves,60.00,Worse in AUD,56.875
369,Beast of Nurgle,30.00,Painboss,60.00,Worse in AUD,52.5
370,Chaos Rhino,30.00,Warboss in Mega Armour,60.00,Worse in AUD,52.5
371,Ork Warbiker Mob,30.00,Dialogus,60.00,Worse in AUD,52.5
372,Ravenwing Bike Squadron,30.00,Captain with Master-crafted Heavy Bolt Rifle\t\t\t\t\t\t,60.00,Worse in AUD,52.5
373,Junith Eruita,30.00,Primaris Techmarine,60.00,Worse in AUD,52.5
374,Daemon Prince,30.00,Tech-Priest Manipulus,60.00,Worse in AUD,52.5
375,Trukk,30.00,Primaris Librarian,60.00,Worse in AUD,52.5
376,High Marshal Helbrecht,30.00,Primaris Captain,60.00,Worse in AUD,52.5
377,Blood Angels Death Company Intercessors,30.00,Captain in Gravis Armour,60.00,Worse in AUD,52.5
378,Chaplain Grimaldus & Retinue,30.00,"Aestred Thurga, Reliquant at Arms\t\t\t\t\t\t",60.00,Worse in AUD,52.5
379,Tzaangors,30.00,Hospitaller,60.00,Worse in AUD,52.5
380,Neophyte Hybrids,30.00,World Eaters KhÃ¢rn the Betrayer,60.00,Worse in AUD,52.5
381,Cadian Shock Troops,30.00,Primaris Ancient,60.00,Worse in AUD,52.5
382,Commander Shadowsun,30.00,Beastboss,60.00,Worse in AUD,52.5
383,Chaos Spawn,30.00,Chaos Rhino,60.00,Worse in AUD,52.5
384,Ultramarines Honour Guard,30.00,Lord of Virulence\t\t\t\t\t\t,60.00,Worse in AUD,52.5
385,Primaris Chaplain on Bike\t\t\t\t\t\t,30.00,Chaos Spawn,60.00,Worse in AUD,52.5
386,Rhino,30.00,War Walker,56.00,Worse in AUD,52.5
387,Hounds of Morkai,30.00,Scout Sentinel,56.00,Worse in AUD,52.5
388,Boyz,30.00,Sentinel,56.00,Worse in AUD,52.5
389,Razorback,30.00,Venom,56.00,Worse in AUD,52.5
390,Necron Warriors,30.00,Razorback,55.00,Worse in AUD,52.5
391,Ork Tankbustas,28.00,Black Templars Marshal,55.00,Worse in AUD,49.0
392,Techmarine with Servitors,28.00,Screamers of Tzeentch,55.00,Worse in AUD,49.0
393,Lelith Hesperax,27.50,Blood Angels Chaplain With Jump Pack,55.00,Worse in AUD,48.125
394,Maugan Ra,27.50,Primaris Lieutenant in Reiver Armour,55.00,Worse in AUD,48.125
395,Nurgle Daemon Prince,27.50,Taurox,55.00,Worse in AUD,48.125
396,Feculent Gnarlmaw,27.50,Darkstrider,55.00,Worse in AUD,48.125
397,Herald of Khorne on Juggernaut,27.50,Cypher,55.00,Worse in AUD,48.125
398,C'tan Shard of The Deceiver,27.50,Psychomancer\t\t\t\t\t\t,55.00,Worse in AUD,48.125
399,Zodgrod Wortsnagga,27.50,Sister Superior Amalia Novena,55.00,Worse in AUD,48.125
400,C'tan Shard of The Nightbringer,27.50,Space Marines Chaplain,55.00,Worse in AUD,48.125
401,MV71 Sniper Drones & Firesight Marksman,27.50,Black Templars Castellan,55.00,Worse in AUD,48.125
402,Primaris Invader ATV\t\t\t\t\t\t,27.50,Dire Avengers,55.00,Worse in AUD,48.125
403,Ragnar Blackmane,27.50,Primaris Firestrike Servo-turret                                                ,55.00,Worse in AUD,48.125
404,Warp Spiders,27.50,The Changeling,55.00,Worse in AUD,48.125
405,The Blue Scribes,27.50,Poxwalkers,55.00,Worse in AUD,48.125
406,Canoptek Doomstalker\t\t\t\t\t\t,27.50,Chaos Bikers,55.00,Worse in AUD,48.125
407,Castellan Crowe,27.50,Daemons Of Khorne Skull Cannon,55.00,Worse in AUD,48.125
408,Tyranid Ripper Swarms,26.50,Severina Raine,55.00,Worse in AUD,46.375
409,Jain Zar,26.00,Wraithguard,55.00,Worse in AUD,45.5
410,Broodlord,26.00,Ork Warboss with Attack Squig,55.00,Worse in AUD,45.5
411,Lord Felthius and the Tainted Cohort,26.00,Sister Dogmata,55.00,Worse in AUD,45.5
412,Aberrants,26.00,Daemons Of Khorne Bloodthrone,55.00,Worse in AUD,45.5
413,Master Lazarus,26.00,Rhino,55.00,Worse in AUD,45.5
414,"Typhus, Herald of the Plague God",26.00,Tech-Priest Enginseer,55.00,Worse in AUD,45.5
415,Deathmarks,26.00,Primaris Lieutenant with Power Sword,55.00,Worse in AUD,45.5
416,Drazhar,26.00,Tzaangor Shaman,55.00,Worse in AUD,45.5
417,Plague Marine Reinforcements,26.00,Hexmark Destroyer,55.00,Worse in AUD,45.5
418,Captain-General Trajann Valoris,26.00,Lord Felthius and the Tainted Cohort,55.00,Worse in AUD,45.5
419,Horrors of Tzeentch,26.00,Iron Priest,54.00,Worse in AUD,45.5
420,Canoptek Spyder,26.00,Ork Boyz,54.00,Worse in AUD,45.5
421,Daemons Of Khorne Skull Cannon,26.00,Daemonettes of Slaanesh,54.00,Worse in AUD,45.5
422,Raptors,26.00,Purestrain Genestealers,54.00,Worse in AUD,45.5
423,Hybrid Metamorphs,26.00,Ulrik the Slayer,54.00,Worse in AUD,45.5
424,Militarum Tempestus Scions,26.00,Plaguebearers of Nurgle,54.00,Worse in AUD,45.5
425,Daemons Of Khorne Bloodthrone,26.00,Kabalite Warriors,54.00,Worse in AUD,45.5
426,Catachan Heavy Weapon Squad,26.00,Tyranid Hormagaunt Brood,54.00,Worse in AUD,45.5
427,Militarum Tempestus Scions Command Squad,26.00,Wyches,54.00,Worse in AUD,45.5
428,Immortals,26.00,Daemons Of Khorne Bloodletters,54.00,Worse in AUD,45.5
429,Cadian Heavy Weapon Squad,26.00,Genestealer Brood,54.00,Worse in AUD,45.5
430,Pathfinder Team,26.00,Gargoyle Brood,54.00,Worse in AUD,45.5
431,Adrax Agatone,26.00,Pathfinder Team,53.00,Worse in AUD,45.5
432,Chief Librarian Tigurius,26.00,Militarum Tempestus Scions Command Squad,50.00,Worse in AUD,45.5
433,Acolyte Hybrids,26.00,Wolf Lord Krom,50.00,Worse in AUD,45.5
434,Warp Talons,26.00,Militarum Tempestus Scions,50.00,Worse in AUD,45.5
435,Iron Father Feirros,26.00,Scout Bike Squad,50.00,Worse in AUD,45.5
436,Death Company,26.00,Kelermorph,49.00,Worse in AUD,45.5
437,Tor Garadon,26.00,Imagifier,49.00,Worse in AUD,45.5
438,Mephiston,26.00,Ethereal,49.00,Worse in AUD,45.5
439,Fabius Bile,26.00,Tyranids Termagant Brood,48.00,Worse in AUD,45.5
440,Brood Brothers,26.00,Ork Stormboyz,46.00,Worse in AUD,45.5
441,Possessed,26.00,TX4 Piranha,46.00,Worse in AUD,45.5
442,Bike Squad,26.00,Ork Lootas,46.00,Worse in AUD,45.5
443,Kor'sarro Khan,26.00,Scouts,46.00,Worse in AUD,45.5
444,Kayvaan Shrike,26.00,Scouts with Sniper Rifles,46.00,Worse in AUD,45.5
445,Horrors of Tzeentch,26.00,Ork Burna Boyz,46.00,Worse in AUD,45.5
446,Ahriman,26.00,Cadian Command Squad,46.00,Worse in AUD,45.5
447,Big Mek with Shokk Attack Gun,24.00,Attack Bike,46.00,Worse in AUD,42.0
448,Fenrisian Wolves,24.00,Scourges,46.00,Worse in AUD,42.0
449,Cadian Command Squad,24.00,Nurglings,46.00,Worse in AUD,42.0
450,Ork Boyz,24.00,The Masque,45.00,Worse in AUD,42.0
451,Genestealer Brood,24.00,Flamers of Tzeentch  ,45.00,Worse in AUD,42.0
452,Daemons Of Khorne Bloodletters,24.00,Sloppity Bilepiper,45.00,Worse in AUD,42.0
453,Wyches,24.00,Spoilpox Scrivener ,45.00,Worse in AUD,42.0
454,Warlock Skyrunner,24.00,Seeker Chariot of Slaanesh,44.00,Worse in AUD,42.0
455,Emperor's Champion,24.00,XV25 Stealth Battlesuits,42.00,Worse in AUD,42.0
456,Warboss in Mega Armour,24.00,Hellions,41.00,Worse in AUD,42.0
457,Captain in Phobos Armour,24.00,Arjac Rockfist,41.00,Worse in AUD,42.0
458,Purestrain Genestealers,24.00,Big Mek with Shokk Attack Gun,41.00,Worse in AUD,42.0
459,Dialogus,24.00,Plague Marine Champion,40.00,Worse in AUD,42.0
460,Primaris Apothecary,24.00,Big Mek With Kustom Force Field,40.00,Worse in AUD,42.0
461,Eldar Farseer Skyrunner,24.00,Locus,40.00,Worse in AUD,42.0
462,Land Speeder,24.00,Biologus Putrifier,40.00,Worse in AUD,42.0
463,Infernal Master,24.00,Clamavus,40.00,Worse in AUD,42.0
464,Canoness,24.00,"Scribbus Wretch, the Tallyman",40.00,Worse in AUD,42.0
465,"Haarken Worldclaimer, Herald of the Apocalypse",24.00,Sanctus,40.00,Worse in AUD,42.0
466,World Eaters KhÃ¢rn the Betrayer,24.00,Magus,40.00,Worse in AUD,42.0
467,TX4 Piranha,24.00,Foul Blightspawn,40.00,Worse in AUD,42.0
468,Sentinel,24.00,Nexos,40.00,Worse in AUD,42.0
469,Land Speeder Tornado,24.00,Master of Executions,40.00,Worse in AUD,42.0
470,Parasite of Mortrex,24.00,Biophagus,40.00,Worse in AUD,42.0
471,Tech-Priest Manipulus,24.00,"Nauseous Rotbone, the Plague Surgeon",40.00,Worse in AUD,42.0
472,Tyranid Hormagaunt Brood,24.00,Abominant,40.00,Worse in AUD,42.0
473,Primaris Librarian,24.00,Canoness Veridyan,40.00,Worse in AUD,42.0
474,Land Speeder Typhoon,24.00,Sly Marbo  ,40.00,Worse in AUD,42.0
475,"Aestred Thurga, Reliquant at Arms\t\t\t\t\t\t",24.00,"The Sanguinor, Exemplar of the Host",39.00,Worse in AUD,42.0
476,Hospitaller,24.00,Weirdboy,39.00,Worse in AUD,42.0
477,Primaris Captain,24.00,Ork Nob With Waaagh! Banner,39.00,Worse in AUD,42.0
478,Captain in Gravis Armour,24.00,Dark Angels Chapter Ancient,39.00,Worse in AUD,42.0
479,Kabalite Warriors,24.00,Njal Stormcaller in Terminator Armour,39.00,Worse in AUD,42.0
480,Scout Bike Squad,24.00,Primaris Lieutenant Zakariah,35.00,Worse in AUD,42.0
481,"Karanak, The Hound of Vengeance",24.00,Lokhust Destroyer,35.00,Worse in AUD,42.0
482,Captain with Master-crafted Heavy Bolt Rifle\t\t\t\t\t\t,24.00,Myphitic Blight-hauler,35.00,Worse in AUD,42.0
483,Dark Apostle,24.00,Blood Angels Primaris Lieutenant Tolmeron,35.00,Worse in AUD,42.0
484,Land Speeder Storm,24.00,Librarian,33.00,Worse in AUD,42.0
485,Lord of Virulence\t\t\t\t\t\t,24.00,Ork Warboss with Big Choppa,33.00,Worse in AUD,42.0
486,Dire Avengers,24.00,Ratlings,33.00,Worse in AUD,42.0
487,Plaguebearers of Nurgle,24.00,Astorath the Grim,33.00,Worse in AUD,42.0
488,Primaris Techmarine,24.00,Colour Sergeant Kell,33.00,Worse in AUD,42.0
489,Primaris Chaplain,24.00,Rune Priest,33.00,Worse in AUD,42.0
490,Scout Sentinel,24.00,Ork Painboy,31.00,Worse in AUD,42.0
491,Daemonettes of Slaanesh,24.00,Dark Angels Interrogator-Chaplain,30.00,Worse in AUD,42.0
492,Chronomancer\t\t\t\t\t\t,24.00,Acolyte Iconward,30.00,Worse in AUD,42.0
493,Beastboss,24.00,Overlord,29.00,Worse in AUD,42.0
494,Primaris Ancient,24.00,Archon,29.00,Worse in AUD,42.0
495,Skulltaker,24.00,Catachan Snipers,29.00,Worse in AUD,42.0
496,War Walker,24.00,Ork Gretchin,29.00,Worse in AUD,42.0
497,Painboss,24.00,Regimental Advisors,29.00,Worse in AUD,42.0
498,Kroot Carnivore Squad,24.00,Nemesor Zahndrekh,29.00,Worse in AUD,42.0
499,Venom,24.00,Winged Autarch,28.50,Worse in AUD,42.0
500,Captain Uriel Ventris\t\t\t\t\t\t,24.00,Emperor's Children Lucius the Eternal,28.00,Worse in AUD,42.0
501,Severina Raine,22.00,Asmodai,28.00,Worse in AUD,38.5
502,Eisenhorn,22.00,"Lemartes, Guardian of the Lost",28.00,Worse in AUD,38.5
503,Iron Priest,21.00,Imotekh the Stormlord,28.00,Worse in AUD,36.75
504,Attack Bike,21.00,Commander Dante,28.00,Worse in AUD,36.75
505,Catachan Jungle Fighters,21.00,Kroot Hounds,27.00,Worse in AUD,36.75
506,Ork Lootas,21.00,Cadian Snipers,26.00,Worse in AUD,36.75
507,Catachan Command Squad,21.00,Lhamaean,26.00,Worse in AUD,36.75
508,Psychomancer\t\t\t\t\t\t,21.00,Succubus,25.00,Worse in AUD,36.75
509,The Changeling,21.00,Cadre Fireblade,25.00,Worse in AUD,36.75
510,Fallen,21.00,Farseer,25.00,Worse in AUD,36.75
511,Lokhust Heavy Destroyer\t\t\t\t\t\t,21.00,Poxbringer ,25.00,Worse in AUD,36.75
512,Ork Nobz,21.00,Sergeant Harker,23.00,Worse in AUD,36.75
513,Cypher,21.00,Colonel 'Iron Hand' Straken,23.00,Worse in AUD,36.75
514,Flamers of Tzeentch  ,21.00,Night Lords Chaos Lord,22.00,Worse in AUD,36.75
515,Darkstrider,21.00,Jokaero Weaponsmith,22.00,Worse in AUD,36.75
516,XV25 Stealth Battlesuits,21.00,Primaris Psyker,22.00,Worse in AUD,36.75
517,Company Veterans,21.00,Wyrdvane Psykers,22.00,Worse in AUD,36.75
518,Spoilpox Scrivener ,21.00,Missionary with Chainsword,19.00,Worse in AUD,36.75
519,Librarian,21.00,Vindicare Assassin,60.00,Worse in AUD,36.75
520,Primaris Lieutenant in Reiver Armour,21.00,Death Cult Assassins,26.00,Worse in AUD,36.75
521,Hexmark Destroyer,21.00,Tesseract Vault,170.00,Worse in AUD,36.75
522,Nurglings,21.00,XV8 Crisis Battlesuit Team,125.00,Worse in AUD,36.75
523,Space Marines Chaplain,21.00,Tidewall Droneport,91.00,Worse in AUD,36.75
524,Sister Superior Amalia Novena,21.00,Deathwing Knights,75.00,Worse in AUD,36.75
525,Tzaangor Shaman,21.00,Lord Kaldor Draigo,39.00,Worse in AUD,36.75
526,Scourges,21.00,Inquisitor with Inferno Pistol & Power Sword,26.00,Worse in AUD,36.75
527,Poxwalkers,21.00,Carnifex Brood,130.00,Worse in AUD,36.75
528,Sloppity Bilepiper,21.00,Kill Team Cassius,110.00,Worse in AUD,36.75
529,Sister Dogmata,21.00,Ravenwing Dark Talon,81.00,Worse in AUD,36.75
530,Ork Stormboyz,21.00,Voidraven Bomber,115.00,Worse in AUD,36.75
531,Ordo Xenos Lord Inquisitor Kyria Draxus,21.00,Khorne Lord of Skulls,170.00,Worse in AUD,36.75
532,Palatine\t\t\t\t\t\t,21.00,Tyranid Harpy,115.00,Worse in AUD,36.75
533,Primaris Librarian in Phobos Armour,21.00,Trygon,106.00,Worse in AUD,36.75
534,Eldrad Ulthran  ,21.00,Basilisk,83.00,Worse in AUD,36.75
535,Scouts,21.00, AX3 Razorshark Strike Fighter,76.00,Worse in AUD,36.75
536,Tyranids Termagant Brood,21.00,Solitaire,28.50,Worse in AUD,36.75
537,The Masque,21.00,Starweaver,69.00,Worse in AUD,36.75
538,Scouts with Sniper Rifles,21.00,Land Raider,110.00,Worse in AUD,36.75
539,Cryptek,21.00,Toxicrene,100.00,Worse in AUD,36.75
540,Screamers of Tzeentch,21.00,Hellhound,83.00,Worse in AUD,36.75
541,Blood Angels Chaplain With Jump Pack,21.00,Voidweaver,69.00,Worse in AUD,36.75
542,Ork Burna Boyz,21.00,Swooping Hawks,63.00,Worse in AUD,36.75
543,Tech-Priest Enginseer,21.00,Belial,39.00,Worse in AUD,36.75
544,Primaris Firestrike Servo-turret                                                ,21.00,Blood Angels Librarian in Terminator Armour,30.00,Worse in AUD,36.75
545,Ulrik the Slayer,21.00,Chaos Land Raider,110.00,Worse in AUD,36.75
546,Primaris Lieutenant with Power Sword,21.00,Striking Scorpions,63.00,Worse in AUD,36.75
547,Black Templars Marshal,21.00,Knight Valiant,280.00,Worse in AUD,36.75
548,Black Templars Castellan,21.00,Knight Tyrant with Conflagration Cannon and Thundercoil Harpoon,280.00,Worse in AUD,36.75
549,Wolf Lord Krom,20.00,Daemons Of Khorne Bloodcrushers,170.00,Worse in AUD,35.0
550,Dark Angels Interrogator-Chaplain,20.00,Obelisk & Transcendent C'tan,170.00,Worse in AUD,35.0
551,Fafnir Rann,19.00,Baneblade,165.00,Worse in AUD,33.25
552,Cultists of the Abyss,19.00,Stormlord,165.00,Worse in AUD,33.25
553,Skitarii Marshal,19.00,Stormsword,165.00,Worse in AUD,33.25
554,The Visarch,19.00,Banehammer,165.00,Worse in AUD,33.25
555,Ethereal,19.00,Shadowsword,165.00,Worse in AUD,33.25
556,Dominion Zephon,19.00,Hellhammer,165.00,Worse in AUD,33.25
557,Biologus Putrifier,18.00,Doomhammer,165.00,Worse in AUD,31.5
558,Overlord,18.00,Banesword,165.00,Worse in AUD,31.5
559,Kelermorph,18.00,Old One Eye's Carnifex Brood,130.00,Worse in AUD,31.5
560,Ork Warboss with Big Choppa,18.00,Thornback Brood,130.00,Worse in AUD,31.5
561,Plague Marine Champion,18.00,Screamer-Killer Brood,130.00,Worse in AUD,31.5
562,Seekers of Slaanesh,18.00,Armiger Warglaives,125.00,Worse in AUD,31.5
563,Sanctus,18.00,War Dogs with Thermal Spear,125.00,Worse in AUD,31.5
564,Plague Marine Icon Bearer,18.00,Wraithknight,125.00,Worse in AUD,31.5
565,"Nauseous Rotbone, the Plague Surgeon",18.00,Hive Crone,115.00,Worse in AUD,31.5
566,Abominant,18.00,Venerable Land Raider,110.00,Worse in AUD,31.5
567,Chaos Space Marines Sorcerer,18.00,Soul Grinder,110.00,Worse in AUD,31.5
568,Ratlings,18.00,Defiler,110.00,Worse in AUD,31.5
569,Hellions,18.00,Mawloc,106.00,Worse in AUD,31.5
570,Poxbringer ,18.00,Chosen of Mortarion\t\t\t\t\t\t,105.00,Worse in AUD,31.5
571,Primaris Lieutenant Zakariah,18.00,Abaddon the Despoiler,105.00,Worse in AUD,31.5
572,Officio Prefectus Commissar,18.00,Maleceptor,100.00,Worse in AUD,31.5
573,Phoenix Lord Baharroth,18.00,Primaris Infiltrators,98.00,Worse in AUD,31.5
574,Farseer,18.00,Exalted Sorcerers,98.00,Worse in AUD,31.5
575,Magus,18.00,Chaos Space Marines Terminators,98.00,Worse in AUD,31.5
576,Chaos Lord,18.00,Primaris Incursors,98.00,Worse in AUD,31.5
577,Cadre Fireblade,18.00,Noctilith Crown,98.00,Worse in AUD,31.5
578,Foul Blightspawn,18.00,Plague Drones of Nurgle,98.00,Worse in AUD,31.5
579,Sorcerer Lord in Terminator Armour,18.00,Mutalith Vortex Beast,96.00,Worse in AUD,31.5
580,Phoenix Lord Fuegan,18.00,Chaos Space Marines Havocs,90.00,Worse in AUD,31.5
581,Acolyte Iconward,18.00,Kill Team: Veteran Guardsmen,90.00,Worse in AUD,31.5
582,Blood Angels Primaris Lieutenant Tolmeron,18.00,Maulerfiend,90.00,Worse in AUD,31.5
583,"Bloodmaster, Herald of Khorne",18.00,Guardian Defenders,90.00,Worse in AUD,31.5
584,Locus,18.00,Horticulous Slimux,90.00,Worse in AUD,31.5
585,Inquisitor Greyfax,18.00,Storm Guardians,90.00,Worse in AUD,31.5
586,Chaos Space Marines Terminator Lord,18.00,Howling Banshees,90.00,Worse in AUD,31.5
587,Biophagus,18.00,Forgefiend,90.00,Worse in AUD,31.5
588,Imagifier,18.00,Sporocyst and Mucolid Spore,85.00,Worse in AUD,31.5
589,Archon,18.00,Tyrannocyte,85.00,Worse in AUD,31.5
590,Spiritseer,18.00,Primaris Eradicators\t\t\t\t\t\t,84.00,Worse in AUD,31.5
591,Nexos,18.00,Plague Marines,84.00,Worse in AUD,31.5
592,Clamavus,18.00,Mark III Space Marines,84.00,Worse in AUD,31.5
593,Master of Executions,18.00,Flayed Ones\t\t\t\t\t\t,84.00,Worse in AUD,31.5
594,"Scribbus Wretch, the Tallyman",18.00,Webway Gate,84.00,Worse in AUD,31.5
595,Ork Painboy,18.00,Fire Prism,83.00,Worse in AUD,31.5
596,Astorath the Grim,17.00,Night Spinner,83.00,Worse in AUD,29.75
597,Winged Autarch,17.00,Falcon,83.00,Worse in AUD,29.75
598,"The Sanguinor, Exemplar of the Host",17.00,Whirlwind,83.00,Worse in AUD,29.75
599,Colour Sergeant Kell,17.00,Epidemius,83.00,Worse in AUD,29.75
600,Njal Stormcaller in Terminator Armour,17.00,Vindicator,83.00,Worse in AUD,29.75
601,Lictor,17.00,Canis Wolfborn,83.00,Worse in AUD,29.75
602,Commissar Yarrick,17.00,Deathstrike,83.00,Worse in AUD,29.75
603,Herald of Slaanesh,17.00,Manticore,83.00,Worse in AUD,29.75
604,Arjac Rockfist,17.00,Nephilim Jetfighter,81.00,Worse in AUD,29.75
605,Phoenix Lord Karandras,17.00,Terminator Squad,80.00,Worse in AUD,29.75
606,Commander Dante,17.00,Canoptek Wraiths,79.00,Worse in AUD,29.75
607,"Lemartes, Guardian of the Lost",17.00,Helbrute,78.00,Worse in AUD,29.75
608,Lord Castellan Creed,17.00,Tzaangors,77.00,Worse in AUD,29.75
609,Sly Marbo  ,17.00,Shokkjump Dragsta,77.00,Worse in AUD,29.75
610,Grey Knights Brother Captain,17.00,AX39 Sun Shark Bomber,76.00,Worse in AUD,29.75
611,Asmodai,17.00,Deathwing Command Squad,75.00,Worse in AUD,29.75
612,Ork Nob With Waaagh! Banner,17.00,Deathwing Terminator Squad,75.00,Worse in AUD,29.75
613,Dark Angels Chapter Ancient,17.00,Ravener Brood,74.00,Worse in AUD,29.75
614,Nemesor Zahndrekh,17.00,Fabius Bile,70.00,Worse in AUD,29.75
615,Anrakyr the Traveller,17.00,Hybrid Metamorphs,70.00,Worse in AUD,29.75
616,Emperor's Children Lucius the Eternal,17.00,Acolyte Hybrids,70.00,Worse in AUD,29.75
617,Imotekh the Stormlord,17.00,Ravenwing Bike Squadron,69.00,Worse in AUD,29.75
618,Big Mek With Kustom Force Field,17.00,Biovore,69.00,Worse in AUD,29.75
619,Salamanders Captain Vulkan He'stan,17.00,Red Terror,69.00,Worse in AUD,29.75
620,Rune Priest,17.00,Cadian Heavy Weapon Squad,65.00,Worse in AUD,29.75
621,Prince Yriel,17.00,Catachan Heavy Weapon Squad,65.00,Worse in AUD,29.75
622,Weirdboy,17.00,Fire Dragons,63.00,Worse in AUD,29.75
623,Baneblade Sponsons And Accessories,16.00,Warp Spiders,63.00,Worse in AUD,28.0
624,Ork Mek,16.00,MV71 Sniper Drones & Firesight Marksman,62.00,Worse in AUD,28.0
625,Myphitic Blight-hauler,16.00,Nurgle Daemon Prince,62.00,Worse in AUD,28.0
626,Haemonculus,16.00,Pyrovore,62.00,Worse in AUD,28.0
627,Succubus,16.00,Possessed,61.00,Worse in AUD,28.0
628,Regimental Advisors,15.00,Herald of Khorne on Juggernaut,61.00,Worse in AUD,26.25
629,Catachan Snipers,15.00,"Haarken Worldclaimer, Herald of the Apocalypse",60.00,Worse in AUD,26.25
630,Ork Gretchin,14.00,Skulltaker,60.00,Worse in AUD,24.5
631,Vargard Obyron,13.00,Chaos Space Marines Noise Marine,60.00,Worse in AUD,22.75
632,Lhamaean,13.00,Eldar Farseer Skyrunner,60.00,Worse in AUD,22.75
633,Longstrike,13.00,Primaris Apothecary,60.00,Worse in AUD,22.75
634,Cyberwolf,13.00,Warlock Skyrunner,60.00,Worse in AUD,22.75
635,Night Lords Chaos Lord,12.00,"Karanak, The Hound of Vengeance",60.00,Worse in AUD,21.0
636,Wyrdvane Psykers,12.00,Land Speeder Typhoon,56.00,Worse in AUD,21.0
637,Primaris Psyker,12.00,Land Speeder Tornado,56.00,Worse in AUD,21.0
638,Missionary with Chainsword,12.00,Land Speeder Storm,56.00,Worse in AUD,21.0
639,Sergeant Harker,12.00,Land Speeder,56.00,Worse in AUD,21.0
640,Colonel 'Iron Hand' Straken,12.00,Autarch Skyrunner,56.00,Worse in AUD,21.0
641,Knight Commander Pask,12.00,Lokhust Heavy Destroyer\t\t\t\t\t\t,55.00,Worse in AUD,21.0
642,Cadian Snipers,12.00,Cryptek,55.00,Worse in AUD,21.0
643,Tactical Drones,11.00,Kroot Carnivore Squad,55.00,Worse in AUD,19.25
644,Jokaero Weaponsmith,11.00,Ordo Xenos Lord Inquisitor Kyria Draxus,55.00,Worse in AUD,19.25
645,Astra Militarum Tank Accessories,9.50,Eisenhorn,55.00,Worse in AUD,16.625
646,Commander Farsight,35.00,Primaris Librarian in Phobos Armour,55.00,Worse in AUD,61.25
647,XV8 Crisis Battlesuit Team,47.50,Palatine\t\t\t\t\t\t,55.00,Worse in AUD,83.125
648,Carnifex Brood,57.50,Bike Squad,55.00,Cheaper in AUD,100.625
649,Khorne Lord of Skulls,100.00,The Visarch,52.50,Cheaper in AUD,175.0
650,Tyranid Harpy,52.50,Fafnir Rann,50.00,Cheaper in AUD,91.875
651,Trygon,52.50,Vyper,50.00,Cheaper in AUD,91.875
652, AX3 Razorshark Strike Fighter,47.50,Dominion Zephon,50.00,Worse in AUD,83.125
653,Starweaver,26.00,Chaos Space Marines Sorcerer,49.00,Worse in AUD,45.5
654,Toxicrene,47.50,Skitarii Marshal,49.00,Worse in AUD,83.125
655,Swooping Hawks,27.50,Catachan Jungle Fighters,48.00,Worse in AUD,48.125
656,Voidweaver,26.00,Eldrad Ulthran  ,45.00,Worse in AUD,45.5
657,Knight Tyrant with Plasma Decimator and Volcano Lance,105.00,Spore Mine Cluster,41.00,Cheaper in AUD,183.75
658,Knight Castellan,105.00,Krootox Rider,41.00,Cheaper in AUD,183.75
659,Knight Valiant,105.00,Company Veterans,41.00,Cheaper in AUD,183.75
660,Knight Tyrant with Conflagration Cannon and Thundercoil Harpoon,105.00,Catachan Command Squad,41.00,Cheaper in AUD,183.75
661,Knight Desecrator,95.00,Seekers of Slaanesh,41.00,Cheaper in AUD,166.25
662,Knight Rampager,95.00,Lictor,41.00,Cheaper in AUD,166.25
663,The Triumph of Saint Katherine,67.50,Support Weapon,41.00,Cheaper in AUD,118.125
664,Thornback Brood,57.50,Fallen,41.00,Cheaper in AUD,100.625
665,Old One Eye's Carnifex Brood,57.50,"Bloodmaster, Herald of Khorne",40.00,Cheaper in AUD,100.625
666,Screamer-Killer Brood,57.50,Chaos Lord,40.00,Cheaper in AUD,100.625
667,Mawloc,52.50,Baneblade Sponsons And Accessories,40.00,Cheaper in AUD,91.875
668,Hive Crone,52.50,Inquisitor Greyfax,40.00,Cheaper in AUD,91.875
669,War Dogs with War Dog Autocannon,47.50,Plague Marine Icon Bearer,40.00,Worse in AUD,83.125
670,AX39 Sun Shark Bomber,47.50,Phoenix Lord Asurmen,39.00,Worse in AUD,83.125
671,Armiger Warglaives,47.50,Phoenix Lord Karandras,39.00,Worse in AUD,83.125
672,Maleceptor,47.50,Herald of Slaanesh,39.00,Worse in AUD,83.125
673,War Dogs with Thermal Spear,47.50,Salamanders Captain Vulkan He'stan,39.00,Worse in AUD,83.125
674,Armiger Helverins,47.50,Chaos Space Marines Terminator Lord,37.00,Worse in AUD,83.125
675,Soul Grinder,42.50,Sorcerer Lord in Terminator Armour,37.00,Worse in AUD,74.375
676,Sporocyst and Mucolid Spore,42.50,Prince Yriel,28.00,Worse in AUD,74.375
677,Tyrannocyte,42.50,Phoenix Lord Fuegan,28.00,Worse in AUD,74.375
678,Tyranid Warriors,35.00,Illic Nightspear,28.00,Worse in AUD,61.25
679,Horticulous Slimux,35.00,Haemonculus,28.00,Worse in AUD,61.25
680,Fire Prism,35.00,Lord Castellan Creed,28.00,Worse in AUD,61.25
681,Night Spinner,35.00,Mad Dok Grotsnik,28.00,Worse in AUD,61.25
682,Epidemius,32.50,Phoenix Lord Baharroth,28.00,Worse in AUD,56.875
683,Burning Chariot of Tzeentch,30.00,Anrakyr the Traveller,28.00,Worse in AUD,52.5
684,Vespid Stingwings,30.00,Orikan the Diviner,28.00,Worse in AUD,52.5
685,The Yncarne,30.00,Cyberwolf,28.00,Worse in AUD,52.5
686,Ravener Brood,30.00,Trazyn the Infinite,28.00,Worse in AUD,52.5
687,Exalted Flamer of Tzeentch,30.00,Grey Knights Brother Captain,28.00,Worse in AUD,52.5
688,"Fateskimmer, Herald of Tzeentch on Burning Chariot",30.00,Commissar Yarrick,28.00,Worse in AUD,52.5
689,Biovore,27.50,Vargard Obyron,27.00,Worse in AUD,48.125
690,"Fluxmaster, Herald of Tzeentch",27.50,Officio Prefectus Commissar,26.00,Worse in AUD,48.125
691,Pyrovore,27.50,Longstrike,26.00,Worse in AUD,48.125
692,Red Terror,27.50,Ork Mek,23.00,Worse in AUD,48.125
693,Fire Dragons,27.50,Astra Militarum Tank Accessories,22.00,Worse in AUD,48.125
694,Wolf Lord on Thunderwolf,27.50,Tactical Drones,20.00,Worse in AUD,48.125
695,Infernal Enrapturess,26.00,Kroot Shaper,19.00,Worse in AUD,45.5
696,Yvraine,24.00,Knight Commander Pask,18.00,Worse in AUD,42.0
697,Gargoyle Brood,24.00,Tyrannofex,96.00,Worse in AUD,42.0
698,Autarch Skyrunner,22.00,Knight Tyrant with Plasma Decimator and Volcano Lance,280.00,Worse in AUD,38.5
699,Vyper,21.00,Knight Castellan,280.00,Worse in AUD,36.75
700,Ork Warboss with Attack Squig,21.00,Knight Rampager,180.00,Worse in AUD,36.75
701,Seeker Chariot of Slaanesh,20.00,Knight Desecrator,180.00,Worse in AUD,35.0
702,Kroot Hounds,17.50,Terminus Ultra,138.00,Worse in AUD,30.625
703,Orikan the Diviner,17.00,War Dogs with War Dog Autocannon,125.00,Worse in AUD,29.75
704,Trazyn the Infinite,17.00,Armiger Helverins,125.00,Worse in AUD,29.75
705,Illic Nightspear,17.00,Tervigon,96.00,Worse in AUD,29.75
706,Phoenix Lord Asurmen,17.00,Atalan Jackals,90.00,Worse in AUD,29.75
707,Spore Mine Cluster,17.00,Warp Talons,61.00,Worse in AUD,29.75
708,Canoness Veridyan,17.00,Raptors,61.00,Worse in AUD,29.75
709,Krootox Rider,17.00,Dark Apostle,60.00,Worse in AUD,29.75
710,Support Weapon,16.00,Spiritseer,49.00,Worse in AUD,28.0
711,Lokhust Destroyer,16.00,Ork Nobz,46.00,Worse in AUD,28.0
712,Mad Dok Grotsnik,13.00,Cultists of the Abyss,40.00,Worse in AUD,22.75
713,Kroot Shaper,12.00,Non-Comparable,1,Worse in AUD,21.0
714,Tidewall Shieldline,45.00,Non-Comparable,1,Worse in AUD,78.75
715,XV88 Broadside Battlesuit,35.00,Non-Comparable,1,Worse in AUD,61.25
716,Space Marine Heroes,32.50,Non-Comparable,1,Worse in AUD,56.875
717,Chaos Bikers,26.00,Non-Comparable,1,Worse in AUD,45.5
718,Jackal Alphus,26.00,Non-Comparable,1,Worse in AUD,45.5
719,Chaos Space Marines Noise Marine,24.00,Non-Comparable,1,Worse in AUD,42.0
